Workbook

Sheet Uitleg
B2: Facturatie werkblad — Top Tuinen
B4: Wat is dit — De uitdraai van al het uitgevoerde werk per periode: wie wat wanneer heeft gedaan (per tijdblok, met van/tot), welke uren aan de klant gefactureerd mogen worden en voor welk bedrag. De facturen zelf worden in HERO gemaakt; dit blad is de onderbouwing en de werklijst.
B6: De hoofdregel — Alleen het segment "Werken" is factureerbaar aan de klant. Pauze, reistijd, laden, lossen, teammeeting, onderhoud materiaal en overig zijn voor ons. Het blad past die regel automatisch toe.
B8: Zo lees je het bestand (in deze volgorde)
B9: 1. Registraties — De ruwe waarheid: één regel per tijdblok uit de app, met segment en van/tot-tijd. Bovenaan de telling: totaal uren, factureerbaar, pauze, reistijd, overig intern — plus de bereikcontrole. Ruimte voor 3.000 regels.
B10: 2. Tarieven — De prijsafspraak per klant: per uur of vaste prijs, het bedrag en de standaard afvoerkosten. De controlekolom meldt dubbele klantnamen en ontbrekende prijzen.
B11: 3. Werkregels — Eén regel per klant per dag (ruimte voor 600). Uren, prijstype en prijs komen automatisch uit Registraties en Tarieven; het bedrag rekent zichzelf uit. Hier werk je de drie dropdowns bij: Afgerond? (JA/NEE), Prijstype en Factuurstatus (Nog factureren > Concept in HERO > Verstuurd).
B12: 4. Te factureren — De werklijst per klant: openstaand, concept, verstuurd. Onderaan de compleetheidscontrole en de bereikcontrole.
B14: Waar moet je kijken
B15: Vier groene checks — Registraties: bereikcontrole bovenaan groen en kolom Controle groen. Werkregels: kolom Controle groen. Te factureren: onderaan "Overzicht compleet". Zijn die vier groen, dan kloppen de uren, de tarieven en het overzicht — en kan er gefactureerd worden.
B16: Rood gezien? — De melding zegt precies wat er mis is ("Klant niet in Tarieven", "Werken zonder klant - koppelen", "Data buiten bereik"). Los het op waar de melding staat; alles rekent direct door.
B18: Bereikcontrole (grote uitdraai)
... B30: Klantnamen — Schrijf een klant overal precies hetzelfde; de koppeling loopt op de letterlijke naam.

Sheet Registraties
A1: Totaal uren | C1: Factureerbaar (Werken) | E1: Pauze | G1: Reistijd | I1: Overig intern | K1: Bereikcontrole
A2: =SUM(J5:J3004) | C2: =SUM(L5:L3004) | E2: =SUMIFS(J5:J3004,E5:E3004,"Pauze") | G2: =SUMIFS(J5:J3004,E5:E3004,"Reistijd") | I2: =A2-C2-E2-G2 | K2: =IF(COUNTA(A3005:A20000)+COUNTA(E3005:E20000)=0,"OK - alles binnen bereik","LET OP: data onder rij 3004 telt NIET mee")
A3: WIE & WANNEER | E3: WAT | G3: TIJD | K3: FACTUREERBAAR
A4: Datum | B4: Week | C4: Medewerker | D4: Klant | E4: Segment ▼ | F4: Omschrijving | G4: Van | H4: Tot | I4: Duur (u:mm) | J4: Uren | K4: Factureerbaar? | L4: Facturabele uren | M4: Controle
B5: =IF(A5="","",WEEKNUM(A5,21)) | I5: =IF(OR(G5="",H5=""),"",MOD(H5-G5,1)) | J5: =IF(OR(G5="",H5=""),"",ROUND(MOD(H5-G5,1)*24,2)) | K5: =IF(E5="","",IF(E5="Werken","JA","NEE")) | L5: =IF(K5="JA",N(J5),IF(E5="","",0)) | M5: =IF(AND(A5="",E5=""),"",IF(E5="","Segment ontbreekt",IF(OR(G5="",H5=""),"Van/tot ontbreekt",IF(N(J5)=0,"Duur is nul",IF(N(J5)>12,"Langer dan 12 uur - controleren",IF(AND(E5="Werken",D5=""),"Werken zonder klant - koppelen","OK"))))))
B6: =IF(A6="","",WEEKNUM(A6,21)) | I6: =IF(OR(G6="",H6=""),"",MOD(H6-G6,1)) | J6: =IF(OR(G6="",H6=""),"",ROUND(MOD(H6-G6,1)*24,2)) | K6: =IF(E6="","",IF(E6="Werken","JA","NEE")) | L6: =IF(K6="JA",N(J6),IF(E6="","",0)) | M6: =IF(AND(A6="",E6=""),"",IF(E6="","Segment ontbreekt",IF(OR(G6="",H6=""),"Van/tot ontbreekt",IF(N(J6)=0,"Duur is nul",IF(N(J6)>12,"Langer dan 12 uur - controleren",IF(AND(E6="Werken",D6=""),"Werken zonder klant - koppelen","OK"))))))
B7: =IF(A7="","",WEEKNUM(A7,21)) | I7: =IF(OR(G7="",H7=""),"",MOD(H7-G7,1)) | J7: =IF(OR(G7="",H7=""),"",ROUND(MOD(H7-G7,1)*24,2)) | K7: =IF(E7="","",IF(E7="Werken","JA","NEE")) | L7: =IF(K7="JA",N(J7),IF(E7="","",0)) | M7: =IF(AND(A7="",E7=""),"",IF(E7="","Segment ontbreekt",IF(OR(G7="",H7=""),"Van/tot ontbreekt",IF(N(J7)=0,"Duur is nul",IF(N(J7)>12,"Langer dan 12 uur - controleren",IF(AND(E7="Werken",D7=""),"Werken zonder klant - koppelen","OK"))))))
B8: =IF(A8="","",WEEKNUM(A8,21)) | I8: =IF(OR(G8="",H8=""),"",MOD(H8-G8,1)) | J8: =IF(OR(G8="",H8=""),"",ROUND(MOD(H8-G8,1)*24,2)) | K8: =IF(E8="","",IF(E8="Werken","JA","NEE")) | L8: =IF(K8="JA",N(J8),IF(E8="","",0)) | M8: =IF(AND(A8="",E8=""),"",IF(E8="","Segment ontbreekt",IF(OR(G8="",H8=""),"Van/tot ontbreekt",IF(N(J8)=0,"Duur is nul",IF(N(J8)>12,"Langer dan 12 uur - controleren",IF(AND(E8="Werken",D8=""),"Werken zonder klant - koppelen","OK"))))))
B9: =IF(A9="","",WEEKNUM(A9,21)) | I9: =IF(OR(G9="",H9=""),"",MOD(H9-G9,1)) | J9: =IF(OR(G9="",H9=""),"",ROUND(MOD(H9-G9,1)*24,2)) | K9: =IF(E9="","",IF(E9="Werken","JA","NEE")) | L9: =IF(K9="JA",N(J9),IF(E9="","",0)) | M9: =IF(AND(A9="",E9=""),"",IF(E9="","Segment ontbreekt",IF(OR(G9="",H9=""),"Van/tot ontbreekt",IF(N(J9)=0,"Duur is nul",IF(N(J9)>12,"Langer dan 12 uur - controleren",IF(AND(E9="Werken",D9=""),"Werken zonder klant - koppelen","OK"))))))
B10: =IF(A10="","",WEEKNUM(A10,21)) | I10: =IF(OR(G10="",H10=""),"",MOD(H10-G10,1)) | J10: =IF(OR(G10="",H10=""),"",ROUND(MOD(H10-G10,1)*24,2)) | K10: =IF(E10="","",IF(E10="Werken","JA","NEE")) | L10: =IF(K10="JA",N(J10),IF(E10="","",0)) | M10: =IF(AND(A10="",E10=""),"",IF(E10="","Segment ontbreekt",IF(OR(G10="",H10=""),"Van/tot ontbreekt",IF(N(J10)=0,"Duur is nul",IF(N(J10)>12,"Langer dan 12 uur - controleren",IF(AND(E10="Werken",D10=""),"Werken zonder klant - koppelen","OK"))))))
B11: =IF(A11="","",WEEKNUM(A11,21)) | I11: =IF(OR(G11="",H11=""),"",MOD(H11-G11,1)) | J11: =IF(OR(G11="",H11=""),"",ROUND(MOD(H11-G11,1)*24,2)) | K11: =IF(E11="","",IF(E11="Werken","JA","NEE")) | L11: =IF(K11="JA",N(J11),IF(E11="","",0)) | M11: =IF(AND(A11="",E11=""),"",IF(E11="","Segment ontbreekt",IF(OR(G11="",H11=""),"Van/tot ontbreekt",IF(N(J11)=0,"Duur is nul",IF(N(J11)>12,"Langer dan 12 uur - controleren",IF(AND(E11="Werken",D11=""),"Werken zonder klant - koppelen","OK"))))))
B12: =IF(A12="","",WEEKNUM(A12,21)) | I12: =IF(OR(G12="",H12=""),"",MOD(H12-G12,1)) | J12: =IF(OR(G12="",H12=""),"",ROUND(MOD(H12-G12,1)*24,2)) | K12: =IF(E12="","",IF(E12="Werken","JA","NEE")) | L12: =IF(K12="JA",N(J12),IF(E12="","",0)) | M12: =IF(AND(A12="",E12=""),"",IF(E12="","Segment ontbreekt",IF(OR(G12="",H12=""),"Van/tot ontbreekt",IF(N(J12)=0,"Duur is nul",IF(N(J12)>12,"Langer dan 12 uur - controleren",IF(AND(E12="Werken",D12=""),"Werken zonder klant - koppelen","OK"))))))
B13: =IF(A13="","",WEEKNUM(A13,21)) | I13: =IF(OR(G13="",H13=""),"",MOD(H13-G13,1)) | J13: =IF(OR(G13="",H13=""),"",ROUND(MOD(H13-G13,1)*24,2)) | K13: =IF(E13="","",IF(E13="Werken","JA","NEE")) | L13: =IF(K13="JA",N(J13),IF(E13="","",0)) | M13: =IF(AND(A13="",E13=""),"",IF(E13="","Segment ontbreekt",IF(OR(G13="",H13=""),"Van/tot ontbreekt",IF(N(J13)=0,"Duur is nul",IF(N(J13)>12,"Langer dan 12 uur - controleren",IF(AND(E13="Werken",D13=""),"Werken zonder klant - koppelen","OK"))))))
B14: =IF(A14="","",WEEKNUM(A14,21)) | I14: =IF(OR(G14="",H14=""),"",MOD(H14-G14,1)) | J14: =IF(OR(G14="",H14=""),"",ROUND(MOD(H14-G14,1)*24,2)) | K14: =IF(E14="","",IF(E14="Werken","JA","NEE")) | L14: =IF(K14="JA",N(J14),IF(E14="","",0)) | M14: =IF(AND(A14="",E14=""),"",IF(E14="","Segment ontbreekt",IF(OR(G14="",H14=""),"Van/tot ontbreekt",IF(N(J14)=0,"Duur is nul",IF(N(J14)>12,"Langer dan 12 uur - controleren",IF(AND(E14="Werken",D14=""),"Werken zonder klant - koppelen","OK"))))))
B15: =IF(A15="","",WEEKNUM(A15,21)) | I15: =IF(OR(G15="",H15=""),"",MOD(H15-G15,1)) | J15: =IF(OR(G15="",H15=""),"",ROUND(MOD(H15-G15,1)*24,2)) | K15: =IF(E15="","",IF(E15="Werken","JA","NEE")) | L15: =IF(K15="JA",N(J15),IF(E15="","",0)) | M15: =IF(AND(A15="",E15=""),"",IF(E15="","Segment ontbreekt",IF(OR(G15="",H15=""),"Van/tot ontbreekt",IF(N(J15)=0,"Duur is nul",IF(N(J15)>12,"Langer dan 12 uur - controleren",IF(AND(E15="Werken",D15=""),"Werken zonder klant - koppelen","OK"))))))
B16: =IF(A16="","",WEEKNUM(A16,21)) | I16: =IF(OR(G16="",H16=""),"",MOD(H16-G16,1)) | J16: =IF(OR(G16="",H16=""),"",ROUND(MOD(H16-G16,1)*24,2)) | K16: =IF(E16="","",IF(E16="Werken","JA","NEE")) | L16: =IF(K16="JA",N(J16),IF(E16="","",0)) | M16: =IF(AND(A16="",E16=""),"",IF(E16="","Segment ontbreekt",IF(OR(G16="",H16=""),"Van/tot ontbreekt",IF(N(J16)=0,"Duur is nul",IF(N(J16)>12,"Langer dan 12 uur - controleren",IF(AND(E16="Werken",D16=""),"Werken zonder klant - koppelen","OK"))))))
... B3004: =IF(A3004="","",WEEKNUM(A3004,21)) | I3004: =IF(OR(G3004="",H3004=""),"",MOD(H3004-G3004,1)) | J3004: =IF(OR(G3004="",H3004=""),"",ROUND(MOD(H3004-G3004,1)*24,2)) | K3004: =IF(E3004="","",IF(E3004="Werken","JA","NEE")) | L3004: =IF(K3004="JA",N(J3004),IF(E3004="","",0)) | M3004: =IF(AND(A3004="",E3004=""),"",IF(E3004="","Segment ontbreekt",IF(OR(G3004="",H3004=""),"Van/tot ontbreekt",IF(N(J3004)=0,"Duur is nul",IF(N(J3004)>12,"Langer dan 12 uur - controleren",IF(AND(E3004="Werken",D3004=""),"Werken zonder klant - koppelen","OK"))))))

Sheet Tarieven
A1: Klant | B1: Prijstype | C1: Uurtarief | D1: Vaste prijs | E1: Afvoerkosten | F1: Bijzonderheden | G1: Controle
G2: =IF(A2="","",IF(COUNTIF($A$2:$A$200,A2)>1,"Klant staat dubbel",IF(B2="","Prijstype ontbreekt",IF(AND(OR(B2="Per uur",B2="Beide"),N(C2)=0),"Uurtarief ontbreekt",IF(AND(OR(B2="Vaste prijs",B2="Beide"),N(D2)=0),"Vaste prijs ontbreekt","OK")))))
G3: =IF(A3="","",IF(COUNTIF($A$2:$A$200,A3)>1,"Klant staat dubbel",IF(B3="","Prijstype ontbreekt",IF(AND(OR(B3="Per uur",B3="Beide"),N(C3)=0),"Uurtarief ontbreekt",IF(AND(OR(B3="Vaste prijs",B3="Beide"),N(D3)=0),"Vaste prijs ontbreekt","OK")))))
G4: =IF(A4="","",IF(COUNTIF($A$2:$A$200,A4)>1,"Klant staat dubbel",IF(B4="","Prijstype ontbreekt",IF(AND(OR(B4="Per uur",B4="Beide"),N(C4)=0),"Uurtarief ontbreekt",IF(AND(OR(B4="Vaste prijs",B4="Beide"),N(D4)=0),"Vaste prijs ontbreekt","OK")))))
G5: =IF(A5="","",IF(COUNTIF($A$2:$A$200,A5)>1,"Klant staat dubbel",IF(B5="","Prijstype ontbreekt",IF(AND(OR(B5="Per uur",B5="Beide"),N(C5)=0),"Uurtarief ontbreekt",IF(AND(OR(B5="Vaste prijs",B5="Beide"),N(D5)=0),"Vaste prijs ontbreekt","OK")))))
G6: =IF(A6="","",IF(COUNTIF($A$2:$A$200,A6)>1,"Klant staat dubbel",IF(B6="","Prijstype ontbreekt",IF(AND(OR(B6="Per uur",B6="Beide"),N(C6)=0),"Uurtarief ontbreekt",IF(AND(OR(B6="Vaste prijs",B6="Beide"),N(D6)=0),"Vaste prijs ontbreekt","OK")))))
G7: =IF(A7="","",IF(COUNTIF($A$2:$A$200,A7)>1,"Klant staat dubbel",IF(B7="","Prijstype ontbreekt",IF(AND(OR(B7="Per uur",B7="Beide"),N(C7)=0),"Uurtarief ontbreekt",IF(AND(OR(B7="Vaste prijs",B7="Beide"),N(D7)=0),"Vaste prijs ontbreekt","OK")))))
G8: =IF(A8="","",IF(COUNTIF($A$2:$A$200,A8)>1,"Klant staat dubbel",IF(B8="","Prijstype ontbreekt",IF(AND(OR(B8="Per uur",B8="Beide"),N(C8)=0),"Uurtarief ontbreekt",IF(AND(OR(B8="Vaste prijs",B8="Beide"),N(D8)=0),"Vaste prijs ontbreekt","OK")))))
G9: =IF(A9="","",IF(COUNTIF($A$2:$A$200,A9)>1,"Klant staat dubbel",IF(B9="","Prijstype ontbreekt",IF(AND(OR(B9="Per uur",B9="Beide"),N(C9)=0),"Uurtarief ontbreekt",IF(AND(OR(B9="Vaste prijs",B9="Beide"),N(D9)=0),"Vaste prijs ontbreekt","OK")))))
G10: =IF(A10="","",IF(COUNTIF($A$2:$A$200,A10)>1,"Klant staat dubbel",IF(B10="","Prijstype ontbreekt",IF(AND(OR(B10="Per uur",B10="Beide"),N(C10)=0),"Uurtarief ontbreekt",IF(AND(OR(B10="Vaste prijs",B10="Beide"),N(D10)=0),"Vaste prijs ontbreekt","OK")))))
G11: =IF(A11="","",IF(COUNTIF($A$2:$A$200,A11)>1,"Klant staat dubbel",IF(B11="","Prijstype ontbreekt",IF(AND(OR(B11="Per uur",B11="Beide"),N(C11)=0),"Uurtarief ontbreekt",IF(AND(OR(B11="Vaste prijs",B11="Beide"),N(D11)=0),"Vaste prijs ontbreekt","OK")))))
G12: =IF(A12="","",IF(COUNTIF($A$2:$A$200,A12)>1,"Klant staat dubbel",IF(B12="","Prijstype ontbreekt",IF(AND(OR(B12="Per uur",B12="Beide"),N(C12)=0),"Uurtarief ontbreekt",IF(AND(OR(B12="Vaste prijs",B12="Beide"),N(D12)=0),"Vaste prijs ontbreekt","OK")))))
G13: =IF(A13="","",IF(COUNTIF($A$2:$A$200,A13)>1,"Klant staat dubbel",IF(B13="","Prijstype ontbreekt",IF(AND(OR(B13="Per uur",B13="Beide"),N(C13)=0),"Uurtarief ontbreekt",IF(AND(OR(B13="Vaste prijs",B13="Beide"),N(D13)=0),"Vaste prijs ontbreekt","OK")))))
... G200: =IF(A200="","",IF(COUNTIF($A$2:$A$200,A200)>1,"Klant staat dubbel",IF(B200="","Prijstype ontbreekt",IF(AND(OR(B200="Per uur",B200="Beide"),N(C200)=0),"Uurtarief ontbreekt",IF(AND(OR(B200="Vaste prijs",B200="Beide"),N(D200)=0),"Vaste prijs ontbreekt","OK")))))
A202: Vullen vanuit de Tarievenkaart of rechtstreeks uit de app. "Beide" = klant heeft zowel uurwerk als vaste posten; kies dan per werkregel het juiste prijstype.

Sheet Werkregels
A1: WERK | H1: UREN | J1: PRIJS | L1: BEDRAG | Q1: FACTUUR
A2: Week | B2: Datum | C2: Klant | D2: Werkzaamheid | E2: Team | F2: Pers. | G2: Afgerond? ▼ | H2: Uren (u.mm) | I2: Uren (decimaal) | J2: Prijstype ▼ | K2: Prijs | L2: Arbeid | M2: Afvoer | N2: Voorrijkosten | O2: Extra | P2: Totaal excl. btw | Q2: Factuurstatus ▼ | R2: Factuurnr | S2: Notitie voor factuur | T2: Interne opmerking | U2: Controle
A3: =IF(B3="","",WEEKNUM(B3,21)) | I3: =IF(C3="","",IF(H3<>"",INT(H3)+ROUND(MOD(H3,1)*100/60,2),SUMIFS(Registraties!$L$5:$L$3004,Registraties!$D$5:$D$3004,C3,Registraties!$A$5:$A$3004,B3))) | J3: =IF(C3="","",IFERROR(IF(VLOOKUP(C3,Tarieven!$A$2:$F$200,2,0)="Beide","Per uur",VLOOKUP(C3,Tarieven!$A$2:$F$200,2,0)),"Nog bepalen")) | K3: =IF(C3="","",IF(J3="Per uur",IFERROR(VLOOKUP(C3,Tarieven!$A$2:$F$200,3,0),""),IF(J3="Vaste prijs",IFERROR(VLOOKUP(C3,Tarieven!$A$2:$F$200,4,0),""),""))) | L3: =IF(C3="","",IF(J3="Per uur",N(I3)*N(K3),IF(J3="Vaste prijs",N(K3),0))) | M3: =IF(C3="","",IFERROR(IF(N(VLOOKUP(C3,Tarieven!$A$2:$F$200,5,0))=0,"",VLOOKUP(C3,Tarieven!$A$2:$F$200,5,0)),"")) | P3: =IF(C3="","",N(L3)+N(M3)+N(N3)+N(O3)) | U3: =IF(C3="","",IF(COUNTIF(Tarieven!$A$2:$A$200,C3)=0,"Klant niet in Tarieven",IF(MOD(N(H3),1)*100>59.4,"Tijd ongeldig: minuten boven 59",IF(J3="Nog bepalen","Prijstype nog bepalen",IF(AND(J3="Per uur",N(K3)=0),"Uurtarief ontbreekt",IF(AND(J3="Vaste prijs",N(K3)=0),"Vaste prijs ontbreekt",IF(AND(N(I3)=0,Q3<>"Niet doorgegaan / verplaatst",Q3<>"Geen factuur nodig"),"Geen uren",IF(AND(G3="NEE",Q3="Verstuurd"),"Verstuurd terwijl werk niet af",IF(IFERROR(VLOOKUP(C3,Tarieven!$A$2:$F$200,2,0),"")="Beide","Beide-klant: controleer prijstype","OK")))))))))
A4: =IF(B4="","",WEEKNUM(B4,21)) | I4: =IF(C4="","",IF(H4<>"",INT(H4)+ROUND(MOD(H4,1)*100/60,2),SUMIFS(Registraties!$L$5:$L$3004,Registraties!$D$5:$D$3004,C4,Registraties!$A$5:$A$3004,B4))) | J4: =IF(C4="","",IFERROR(IF(VLOOKUP(C4,Tarieven!$A$2:$F$200,2,0)="Beide","Per uur",VLOOKUP(C4,Tarieven!$A$2:$F$200,2,0)),"Nog bepalen")) | K4: =IF(C4="","",IF(J4="Per uur",IFERROR(VLOOKUP(C4,Tarieven!$A$2:$F$200,3,0),""),IF(J4="Vaste prijs",IFERROR(VLOOKUP(C4,Tarieven!$A$2:$F$200,4,0),""),""))) | L4: =IF(C4="","",IF(J4="Per uur",N(I4)*N(K4),IF(J4="Vaste prijs",N(K4),0))) | M4: =IF(C4="","",IFERROR(IF(N(VLOOKUP(C4,Tarieven!$A$2:$F$200,5,0))=0,"",VLOOKUP(C4,Tarieven!$A$2:$F$200,5,0)),"")) | P4: =IF(C4="","",N(L4)+N(M4)+N(N4)+N(O4)) | U4: =IF(C4="","",IF(COUNTIF(Tarieven!$A$2:$A$200,C4)=0,"Klant niet in Tarieven",IF(MOD(N(H4),1)*100>59.4,"Tijd ongeldig: minuten boven 59",IF(J4="Nog bepalen","Prijstype nog bepalen",IF(AND(J4="Per uur",N(K4)=0),"Uurtarief ontbreekt",IF(AND(J4="Vaste prijs",N(K4)=0),"Vaste prijs ontbreekt",IF(AND(N(I4)=0,Q4<>"Niet doorgegaan / verplaatst",Q4<>"Geen factuur nodig"),"Geen uren",IF(AND(G4="NEE",Q4="Verstuurd"),"Verstuurd terwijl werk niet af",IF(IFERROR(VLOOKUP(C4,Tarieven!$A$2:$F$200,2,0),"")="Beide","Beide-klant: controleer prijstype","OK")))))))))
A5: =IF(B5="","",WEEKNUM(B5,21)) | I5: =IF(C5="","",IF(H5<>"",INT(H5)+ROUND(MOD(H5,1)*100/60,2),SUMIFS(Registraties!$L$5:$L$3004,Registraties!$D$5:$D$3004,C5,Registraties!$A$5:$A$3004,B5))) | J5: =IF(C5="","",IFERROR(IF(VLOOKUP(C5,Tarieven!$A$2:$F$200,2,0)="Beide","Per uur",VLOOKUP(C5,Tarieven!$A$2:$F$200,2,0)),"Nog bepalen")) | K5: =IF(C5="","",IF(J5="Per uur",IFERROR(VLOOKUP(C5,Tarieven!$A$2:$F$200,3,0),""),IF(J5="Vaste prijs",IFERROR(VLOOKUP(C5,Tarieven!$A$2:$F$200,4,0),""),""))) | L5: =IF(C5="","",IF(J5="Per uur",N(I5)*N(K5),IF(J5="Vaste prijs",N(K5),0))) | M5: =IF(C5="","",IFERROR(IF(N(VLOOKUP(C5,Tarieven!$A$2:$F$200,5,0))=0,"",VLOOKUP(C5,Tarieven!$A$2:$F$200,5,0)),"")) | P5: =IF(C5="","",N(L5)+N(M5)+N(N5)+N(O5)) | U5: =IF(C5="","",IF(COUNTIF(Tarieven!$A$2:$A$200,C5)=0,"Klant niet in Tarieven",IF(MOD(N(H5),1)*100>59.4,"Tijd ongeldig: minuten boven 59",IF(J5="Nog bepalen","Prijstype nog bepalen",IF(AND(J5="Per uur",N(K5)=0),"Uurtarief ontbreekt",IF(AND(J5="Vaste prijs",N(K5)=0),"Vaste prijs ontbreekt",IF(AND(N(I5)=0,Q5<>"Niet doorgegaan / verplaatst",Q5<>"Geen factuur nodig"),"Geen uren",IF(AND(G5="NEE",Q5="Verstuurd"),"Verstuurd terwijl werk niet af",IF(IFERROR(VLOOKUP(C5,Tarieven!$A$2:$F$200,2,0),"")="Beide","Beide-klant: controleer prijstype","OK")))))))))
A6: =IF(B6="","",WEEKNUM(B6,21)) | I6: =IF(C6="","",IF(H6<>"",INT(H6)+ROUND(MOD(H6,1)*100/60,2),SUMIFS(Registraties!$L$5:$L$3004,Registraties!$D$5:$D$3004,C6,Registraties!$A$5:$A$3004,B6))) | J6: =IF(C6="","",IFERROR(IF(VLOOKUP(C6,Tarieven!$A$2:$F$200,2,0)="Beide","Per uur",VLOOKUP(C6,Tarieven!$A$2:$F$200,2,0)),"Nog bepalen")) | K6: =IF(C6="","",IF(J6="Per uur",IFERROR(VLOOKUP(C6,Tarieven!$A$2:$F$200,3,0),""),IF(J6="Vaste prijs",IFERROR(VLOOKUP(C6,Tarieven!$A$2:$F$200,4,0),""),""))) | L6: =IF(C6="","",IF(J6="Per uur",N(I6)*N(K6),IF(J6="Vaste prijs",N(K6),0))) | M6: =IF(C6="","",IFERROR(IF(N(VLOOKUP(C6,Tarieven!$A$2:$F$200,5,0))=0,"",VLOOKUP(C6,Tarieven!$A$2:$F$200,5,0)),"")) | P6: =IF(C6="","",N(L6)+N(M6)+N(N6)+N(O6)) | U6: =IF(C6="","",IF(COUNTIF(Tarieven!$A$2:$A$200,C6)=0,"Klant niet in Tarieven",IF(MOD(N(H6),1)*100>59.4,"Tijd ongeldig: minuten boven 59",IF(J6="Nog bepalen","Prijstype nog bepalen",IF(AND(J6="Per uur",N(K6)=0),"Uurtarief ontbreekt",IF(AND(J6="Vaste prijs",N(K6)=0),"Vaste prijs ontbreekt",IF(AND(N(I6)=0,Q6<>"Niet doorgegaan / verplaatst",Q6<>"Geen factuur nodig"),"Geen uren",IF(AND(G6="NEE",Q6="Verstuurd"),"Verstuurd terwijl werk niet af",IF(IFERROR(VLOOKUP(C6,Tarieven!$A$2:$F$200,2,0),"")="Beide","Beide-klant: controleer prijstype","OK")))))))))
A7: =IF(B7="","",WEEKNUM(B7,21)) | I7: =IF(C7="","",IF(H7<>"",INT(H7)+ROUND(MOD(H7,1)*100/60,2),SUMIFS(Registraties!$L$5:$L$3004,Registraties!$D$5:$D$3004,C7,Registraties!$A$5:$A$3004,B7))) | J7: =IF(C7="","",IFERROR(IF(VLOOKUP(C7,Tarieven!$A$2:$F$200,2,0)="Beide","Per uur",VLOOKUP(C7,Tarieven!$A$2:$F$200,2,0)),"Nog bepalen")) | K7: =IF(C7="","",IF(J7="Per uur",IFERROR(VLOOKUP(C7,Tarieven!$A$2:$F$200,3,0),""),IF(J7="Vaste prijs",IFERROR(VLOOKUP(C7,Tarieven!$A$2:$F$200,4,0),""),""))) | L7: =IF(C7="","",IF(J7="Per uur",N(I7)*N(K7),IF(J7="Vaste prijs",N(K7),0))) | M7: =IF(C7="","",IFERROR(IF(N(VLOOKUP(C7,Tarieven!$A$2:$F$200,5,0))=0,"",VLOOKUP(C7,Tarieven!$A$2:$F$200,5,0)),"")) | P7: =IF(C7="","",N(L7)+N(M7)+N(N7)+N(O7)) | U7: =IF(C7="","",IF(COUNTIF(Tarieven!$A$2:$A$200,C7)=0,"Klant niet in Tarieven",IF(MOD(N(H7),1)*100>59.4,"Tijd ongeldig: minuten boven 59",IF(J7="Nog bepalen","Prijstype nog bepalen",IF(AND(J7="Per uur",N(K7)=0),"Uurtarief ontbreekt",IF(AND(J7="Vaste prijs",N(K7)=0),"Vaste prijs ontbreekt",IF(AND(N(I7)=0,Q7<>"Niet doorgegaan / verplaatst",Q7<>"Geen factuur nodig"),"Geen uren",IF(AND(G7="NEE",Q7="Verstuurd"),"Verstuurd terwijl werk niet af",IF(IFERROR(VLOOKUP(C7,Tarieven!$A$2:$F$200,2,0),"")="Beide","Beide-klant: controleer prijstype","OK")))))))))
A8: =IF(B8="","",WEEKNUM(B8,21)) | I8: =IF(C8="","",IF(H8<>"",INT(H8)+ROUND(MOD(H8,1)*100/60,2),SUMIFS(Registraties!$L$5:$L$3004,Registraties!$D$5:$D$3004,C8,Registraties!$A$5:$A$3004,B8))) | J8: =IF(C8="","",IFERROR(IF(VLOOKUP(C8,Tarieven!$A$2:$F$200,2,0)="Beide","Per uur",VLOOKUP(C8,Tarieven!$A$2:$F$200,2,0)),"Nog bepalen")) | K8: =IF(C8="","",IF(J8="Per uur",IFERROR(VLOOKUP(C8,Tarieven!$A$2:$F$200,3,0),""),IF(J8="Vaste prijs",IFERROR(VLOOKUP(C8,Tarieven!$A$2:$F$200,4,0),""),""))) | L8: =IF(C8="","",IF(J8="Per uur",N(I8)*N(K8),IF(J8="Vaste prijs",N(K8),0))) | M8: =IF(C8="","",IFERROR(IF(N(VLOOKUP(C8,Tarieven!$A$2:$F$200,5,0))=0,"",VLOOKUP(C8,Tarieven!$A$2:$F$200,5,0)),"")) | P8: =IF(C8="","",N(L8)+N(M8)+N(N8)+N(O8)) | U8: =IF(C8="","",IF(COUNTIF(Tarieven!$A$2:$A$200,C8)=0,"Klant niet in Tarieven",IF(MOD(N(H8),1)*100>59.4,"Tijd ongeldig: minuten boven 59",IF(J8="Nog bepalen","Prijstype nog bepalen",IF(AND(J8="Per uur",N(K8)=0),"Uurtarief ontbreekt",IF(AND(J8="Vaste prijs",N(K8)=0),"Vaste prijs ontbreekt",IF(AND(N(I8)=0,Q8<>"Niet doorgegaan / verplaatst",Q8<>"Geen factuur nodig"),"Geen uren",IF(AND(G8="NEE",Q8="Verstuurd"),"Verstuurd terwijl werk niet af",IF(IFERROR(VLOOKUP(C8,Tarieven!$A$2:$F$200,2,0),"")="Beide","Beide-klant: controleer prijstype","OK")))))))))
A9: =IF(B9="","",WEEKNUM(B9,21)) | I9: =IF(C9="","",IF(H9<>"",INT(H9)+ROUND(MOD(H9,1)*100/60,2),SUMIFS(Registraties!$L$5:$L$3004,Registraties!$D$5:$D$3004,C9,Registraties!$A$5:$A$3004,B9))) | J9: =IF(C9="","",IFERROR(IF(VLOOKUP(C9,Tarieven!$A$2:$F$200,2,0)="Beide","Per uur",VLOOKUP(C9,Tarieven!$A$2:$F$200,2,0)),"Nog bepalen")) | K9: =IF(C9="","",IF(J9="Per uur",IFERROR(VLOOKUP(C9,Tarieven!$A$2:$F$200,3,0),""),IF(J9="Vaste prijs",IFERROR(VLOOKUP(C9,Tarieven!$A$2:$F$200,4,0),""),""))) | L9: =IF(C9="","",IF(J9="Per uur",N(I9)*N(K9),IF(J9="Vaste prijs",N(K9),0))) | M9: =IF(C9="","",IFERROR(IF(N(VLOOKUP(C9,Tarieven!$A$2:$F$200,5,0))=0,"",VLOOKUP(C9,Tarieven!$A$2:$F$200,5,0)),"")) | P9: =IF(C9="","",N(L9)+N(M9)+N(N9)+N(O9)) | U9: =IF(C9="","",IF(COUNTIF(Tarieven!$A$2:$A$200,C9)=0,"Klant niet in Tarieven",IF(MOD(N(H9),1)*100>59.4,"Tijd ongeldig: minuten boven 59",IF(J9="Nog bepalen","Prijstype nog bepalen",IF(AND(J9="Per uur",N(K9)=0),"Uurtarief ontbreekt",IF(AND(J9="Vaste prijs",N(K9)=0),"Vaste prijs ontbreekt",IF(AND(N(I9)=0,Q9<>"Niet doorgegaan / verplaatst",Q9<>"Geen factuur nodig"),"Geen uren",IF(AND(G9="NEE",Q9="Verstuurd"),"Verstuurd terwijl werk niet af",IF(IFERROR(VLOOKUP(C9,Tarieven!$A$2:$F$200,2,0),"")="Beide","Beide-klant: controleer prijstype","OK")))))))))
A10: =IF(B10="","",WEEKNUM(B10,21)) | I10: =IF(C10="","",IF(H10<>"",INT(H10)+ROUND(MOD(H10,1)*100/60,2),SUMIFS(Registraties!$L$5:$L$3004,Registraties!$D$5:$D$3004,C10,Registraties!$A$5:$A$3004,B10))) | J10: =IF(C10="","",IFERROR(IF(VLOOKUP(C10,Tarieven!$A$2:$F$200,2,0)="Beide","Per uur",VLOOKUP(C10,Tarieven!$A$2:$F$200,2,0)),"Nog bepalen")) | K10: =IF(C10="","",IF(J10="Per uur",IFERROR(VLOOKUP(C10,Tarieven!$A$2:$F$200,3,0),""),IF(J10="Vaste prijs",IFERROR(VLOOKUP(C10,Tarieven!$A$2:$F$200,4,0),""),""))) | L10: =IF(C10="","",IF(J10="Per uur",N(I10)*N(K10),IF(J10="Vaste prijs",N(K10),0))) | M10: =IF(C10="","",IFERROR(IF(N(VLOOKUP(C10,Tarieven!$A$2:$F$200,5,0))=0,"",VLOOKUP(C10,Tarieven!$A$2:$F$200,5,0)),"")) | P10: =IF(C10="","",N(L10)+N(M10)+N(N10)+N(O10)) | U10: =IF(C10="","",IF(COUNTIF(Tarieven!$A$2:$A$200,C10)=0,"Klant niet in Tarieven",IF(MOD(N(H10),1)*100>59.4,"Tijd ongeldig: minuten boven 59",IF(J10="Nog bepalen","Prijstype nog bepalen",IF(AND(J10="Per uur",N(K10)=0),"Uurtarief ontbreekt",IF(AND(J10="Vaste prijs",N(K10)=0),"Vaste prijs ontbreekt",IF(AND(N(I10)=0,Q10<>"Niet doorgegaan / verplaatst",Q10<>"Geen factuur nodig"),"Geen uren",IF(AND(G10="NEE",Q10="Verstuurd"),"Verstuurd terwijl werk niet af",IF(IFERROR(VLOOKUP(C10,Tarieven!$A$2:$F$200,2,0),"")="Beide","Beide-klant: controleer prijstype","OK")))))))))
A11: =IF(B11="","",WEEKNUM(B11,21)) | I11: =IF(C11="","",IF(H11<>"",INT(H11)+ROUND(MOD(H11,1)*100/60,2),SUMIFS(Registraties!$L$5:$L$3004,Registraties!$D$5:$D$3004,C11,Registraties!$A$5:$A$3004,B11))) | J11: =IF(C11="","",IFERROR(IF(VLOOKUP(C11,Tarieven!$A$2:$F$200,2,0)="Beide","Per uur",VLOOKUP(C11,Tarieven!$A$2:$F$200,2,0)),"Nog bepalen")) | K11: =IF(C11="","",IF(J11="Per uur",IFERROR(VLOOKUP(C11,Tarieven!$A$2:$F$200,3,0),""),IF(J11="Vaste prijs",IFERROR(VLOOKUP(C11,Tarieven!$A$2:$F$200,4,0),""),""))) | L11: =IF(C11="","",IF(J11="Per uur",N(I11)*N(K11),IF(J11="Vaste prijs",N(K11),0))) | M11: =IF(C11="","",IFERROR(IF(N(VLOOKUP(C11,Tarieven!$A$2:$F$200,5,0))=0,"",VLOOKUP(C11,Tarieven!$A$2:$F$200,5,0)),"")) | P11: =IF(C11="","",N(L11)+N(M11)+N(N11)+N(O11)) | U11: =IF(C11="","",IF(COUNTIF(Tarieven!$A$2:$A$200,C11)=0,"Klant niet in Tarieven",IF(MOD(N(H11),1)*100>59.4,"Tijd ongeldig: minuten boven 59",IF(J11="Nog bepalen","Prijstype nog bepalen",IF(AND(J11="Per uur",N(K11)=0),"Uurtarief ontbreekt",IF(AND(J11="Vaste prijs",N(K11)=0),"Vaste prijs ontbreekt",IF(AND(N(I11)=0,Q11<>"Niet doorgegaan / verplaatst",Q11<>"Geen factuur nodig"),"Geen uren",IF(AND(G11="NEE",Q11="Verstuurd"),"Verstuurd terwijl werk niet af",IF(IFERROR(VLOOKUP(C11,Tarieven!$A$2:$F$200,2,0),"")="Beide","Beide-klant: controleer prijstype","OK")))))))))
A12: =IF(B12="","",WEEKNUM(B12,21)) | I12: =IF(C12="","",IF(H12<>"",INT(H12)+ROUND(MOD(H12,1)*100/60,2),SUMIFS(Registraties!$L$5:$L$3004,Registraties!$D$5:$D$3004,C12,Registraties!$A$5:$A$3004,B12))) | J12: =IF(C12="","",IFERROR(IF(VLOOKUP(C12,Tarieven!$A$2:$F$200,2,0)="Beide","Per uur",VLOOKUP(C12,Tarieven!$A$2:$F$200,2,0)),"Nog bepalen")) | K12: =IF(C12="","",IF(J12="Per uur",IFERROR(VLOOKUP(C12,Tarieven!$A$2:$F$200,3,0),""),IF(J12="Vaste prijs",IFERROR(VLOOKUP(C12,Tarieven!$A$2:$F$200,4,0),""),""))) | L12: =IF(C12="","",IF(J12="Per uur",N(I12)*N(K12),IF(J12="Vaste prijs",N(K12),0))) | M12: =IF(C12="","",IFERROR(IF(N(VLOOKUP(C12,Tarieven!$A$2:$F$200,5,0))=0,"",VLOOKUP(C12,Tarieven!$A$2:$F$200,5,0)),"")) | P12: =IF(C12="","",N(L12)+N(M12)+N(N12)+N(O12)) | U12: =IF(C12="","",IF(COUNTIF(Tarieven!$A$2:$A$200,C12)=0,"Klant niet in Tarieven",IF(MOD(N(H12),1)*100>59.4,"Tijd ongeldig: minuten boven 59",IF(J12="Nog bepalen","Prijstype nog bepalen",IF(AND(J12="Per uur",N(K12)=0),"Uurtarief ontbreekt",IF(AND(J12="Vaste prijs",N(K12)=0),"Vaste prijs ontbreekt",IF(AND(N(I12)=0,Q12<>"Niet doorgegaan / verplaatst",Q12<>"Geen factuur nodig"),"Geen uren",IF(AND(G12="NEE",Q12="Verstuurd"),"Verstuurd terwijl werk niet af",IF(IFERROR(VLOOKUP(C12,Tarieven!$A$2:$F$200,2,0),"")="Beide","Beide-klant: controleer prijstype","OK")))))))))
A13: =IF(B13="","",WEEKNUM(B13,21)) | I13: =IF(C13="","",IF(H13<>"",INT(H13)+ROUND(MOD(H13,1)*100/60,2),SUMIFS(Registraties!$L$5:$L$3004,Registraties!$D$5:$D$3004,C13,Registraties!$A$5:$A$3004,B13))) | J13: =IF(C13="","",IFERROR(IF(VLOOKUP(C13,Tarieven!$A$2:$F$200,2,0)="Beide","Per uur",VLOOKUP(C13,Tarieven!$A$2:$F$200,2,0)),"Nog bepalen")) | K13: =IF(C13="","",IF(J13="Per uur",IFERROR(VLOOKUP(C13,Tarieven!$A$2:$F$200,3,0),""),IF(J13="Vaste prijs",IFERROR(VLOOKUP(C13,Tarieven!$A$2:$F$200,4,0),""),""))) | L13: =IF(C13="","",IF(J13="Per uur",N(I13)*N(K13),IF(J13="Vaste prijs",N(K13),0))) | M13: =IF(C13="","",IFERROR(IF(N(VLOOKUP(C13,Tarieven!$A$2:$F$200,5,0))=0,"",VLOOKUP(C13,Tarieven!$A$2:$F$200,5,0)),"")) | P13: =IF(C13="","",N(L13)+N(M13)+N(N13)+N(O13)) | U13: =IF(C13="","",IF(COUNTIF(Tarieven!$A$2:$A$200,C13)=0,"Klant niet in Tarieven",IF(MOD(N(H13),1)*100>59.4,"Tijd ongeldig: minuten boven 59",IF(J13="Nog bepalen","Prijstype nog bepalen",IF(AND(J13="Per uur",N(K13)=0),"Uurtarief ontbreekt",IF(AND(J13="Vaste prijs",N(K13)=0),"Vaste prijs ontbreekt",IF(AND(N(I13)=0,Q13<>"Niet doorgegaan / verplaatst",Q13<>"Geen factuur nodig"),"Geen uren",IF(AND(G13="NEE",Q13="Verstuurd"),"Verstuurd terwijl werk niet af",IF(IFERROR(VLOOKUP(C13,Tarieven!$A$2:$F$200,2,0),"")="Beide","Beide-klant: controleer prijstype","OK")))))))))
A14: =IF(B14="","",WEEKNUM(B14,21)) | I14: =IF(C14="","",IF(H14<>"",INT(H14)+ROUND(MOD(H14,1)*100/60,2),SUMIFS(Registraties!$L$5:$L$3004,Registraties!$D$5:$D$3004,C14,Registraties!$A$5:$A$3004,B14))) | J14: =IF(C14="","",IFERROR(IF(VLOOKUP(C14,Tarieven!$A$2:$F$200,2,0)="Beide","Per uur",VLOOKUP(C14,Tarieven!$A$2:$F$200,2,0)),"Nog bepalen")) | K14: =IF(C14="","",IF(J14="Per uur",IFERROR(VLOOKUP(C14,Tarieven!$A$2:$F$200,3,0),""),IF(J14="Vaste prijs",IFERROR(VLOOKUP(C14,Tarieven!$A$2:$F$200,4,0),""),""))) | L14: =IF(C14="","",IF(J14="Per uur",N(I14)*N(K14),IF(J14="Vaste prijs",N(K14),0))) | M14: =IF(C14="","",IFERROR(IF(N(VLOOKUP(C14,Tarieven!$A$2:$F$200,5,0))=0,"",VLOOKUP(C14,Tarieven!$A$2:$F$200,5,0)),"")) | P14: =IF(C14="","",N(L14)+N(M14)+N(N14)+N(O14)) | U14: =IF(C14="","",IF(COUNTIF(Tarieven!$A$2:$A$200,C14)=0,"Klant niet in Tarieven",IF(MOD(N(H14),1)*100>59.4,"Tijd ongeldig: minuten boven 59",IF(J14="Nog bepalen","Prijstype nog bepalen",IF(AND(J14="Per uur",N(K14)=0),"Uurtarief ontbreekt",IF(AND(J14="Vaste prijs",N(K14)=0),"Vaste prijs ontbreekt",IF(AND(N(I14)=0,Q14<>"Niet doorgegaan / verplaatst",Q14<>"Geen factuur nodig"),"Geen uren",IF(AND(G14="NEE",Q14="Verstuurd"),"Verstuurd terwijl werk niet af",IF(IFERROR(VLOOKUP(C14,Tarieven!$A$2:$F$200,2,0),"")="Beide","Beide-klant: controleer prijstype","OK")))))))))
... A602: =IF(B602="","",WEEKNUM(B602,21)) | I602: =IF(C602="","",IF(H602<>"",INT(H602)+ROUND(MOD(H602,1)*100/60,2),SUMIFS(Registraties!$L$5:$L$3004,Registraties!$D$5:$D$3004,C602,Registraties!$A$5:$A$3004,B602))) | J602: =IF(C602="","",IFERROR(IF(VLOOKUP(C602,Tarieven!$A$2:$F$200,2,0)="Beide","Per uur",VLOOKUP(C602,Tarieven!$A$2:$F$200,2,0)),"Nog bepalen")) | K602: =IF(C602="","",IF(J602="Per uur",IFERROR(VLOOKUP(C602,Tarieven!$A$2:$F$200,3,0),""),IF(J602="Vaste prijs",IFERROR(VLOOKUP(C602,Tarieven!$A$2:$F$200,4,0),""),""))) | L602: =IF(C602="","",IF(J602="Per uur",N(I602)*N(K602),IF(J602="Vaste prijs",N(K602),0))) | M602: =IF(C602="","",IFERROR(IF(N(VLOOKUP(C602,Tarieven!$A$2:$F$200,5,0))=0,"",VLOOKUP(C602,Tarieven!$A$2:$F$200,5,0)),"")) | P602: =IF(C602="","",N(L602)+N(M602)+N(N602)+N(O602)) | U602: =IF(C602="","",IF(COUNTIF(Tarieven!$A$2:$A$200,C602)=0,"Klant niet in Tarieven",IF(MOD(N(H602),1)*100>59.4,"Tijd ongeldig: minuten boven 59",IF(J602="Nog bepalen","Prijstype nog bepalen",IF(AND(J602="Per uur",N(K602)=0),"Uurtarief ontbreekt",IF(AND(J602="Vaste prijs",N(K602)=0),"Vaste prijs ontbreekt",IF(AND(N(I602)=0,Q602<>"Niet doorgegaan / verplaatst",Q602<>"Geen factuur nodig"),"Geen uren",IF(AND(G602="NEE",Q602="Verstuurd"),"Verstuurd terwijl werk niet af",IF(IFERROR(VLOOKUP(C602,Tarieven!$A$2:$F$200,2,0),"")="Beide","Beide-klant: controleer prijstype","OK")))))))))

Sheet Te factureren
A1: Overzicht per klant
A3: Nog factureren | C3: Concept in HERO | E3: Verstuurd
A4: =SUMIFS(Werkregels!$P$3:$P$602,Werkregels!$Q$3:$Q$602,"Nog factureren") | C4: =SUMIFS(Werkregels!$P$3:$P$602,Werkregels!$Q$3:$Q$602,"Concept in HERO") | E4: =SUMIFS(Werkregels!$P$3:$P$602,Werkregels!$Q$3:$Q$602,"Verstuurd")
A6: Klant | B6: Regels open | C6: Uren open | D6: Nog factureren € | E6: Concept € | F6: Verstuurd €
B7: =IF($A7="","",COUNTIFS(Werkregels!$C$3:$C$602,$A7,Werkregels!$Q$3:$Q$602,"Nog factureren")+COUNTIFS(Werkregels!$C$3:$C$602,$A7,Werkregels!$Q$3:$Q$602,"Check nodig")) | C7: =IF($A7="","",SUMIFS(Werkregels!$I$3:$I$602,Werkregels!$C$3:$C$602,$A7,Werkregels!$Q$3:$Q$602,"Nog factureren")+SUMIFS(Werkregels!$I$3:$I$602,Werkregels!$C$3:$C$602,$A7,Werkregels!$Q$3:$Q$602,"Check nodig")) | D7: =IF($A7="","",SUMIFS(Werkregels!$P$3:$P$602,Werkregels!$C$3:$C$602,$A7,Werkregels!$Q$3:$Q$602,"Nog factureren")) | E7: =IF($A7="","",SUMIFS(Werkregels!$P$3:$P$602,Werkregels!$C$3:$C$602,$A7,Werkregels!$Q$3:$Q$602,"Concept in HERO")) | F7: =IF($A7="","",SUMIFS(Werkregels!$P$3:$P$602,Werkregels!$C$3:$C$602,$A7,Werkregels!$Q$3:$Q$602,"Verstuurd"))
B8: =IF($A8="","",COUNTIFS(Werkregels!$C$3:$C$602,$A8,Werkregels!$Q$3:$Q$602,"Nog factureren")+COUNTIFS(Werkregels!$C$3:$C$602,$A8,Werkregels!$Q$3:$Q$602,"Check nodig")) | C8: =IF($A8="","",SUMIFS(Werkregels!$I$3:$I$602,Werkregels!$C$3:$C$602,$A8,Werkregels!$Q$3:$Q$602,"Nog factureren")+SUMIFS(Werkregels!$I$3:$I$602,Werkregels!$C$3:$C$602,$A8,Werkregels!$Q$3:$Q$602,"Check nodig")) | D8: =IF($A8="","",SUMIFS(Werkregels!$P$3:$P$602,Werkregels!$C$3:$C$602,$A8,Werkregels!$Q$3:$Q$602,"Nog factureren")) | E8: =IF($A8="","",SUMIFS(Werkregels!$P$3:$P$602,Werkregels!$C$3:$C$602,$A8,Werkregels!$Q$3:$Q$602,"Concept in HERO")) | F8: =IF($A8="","",SUMIFS(Werkregels!$P$3:$P$602,Werkregels!$C$3:$C$602,$A8,Werkregels!$Q$3:$Q$602,"Verstuurd"))
B9: =IF($A9="","",COUNTIFS(Werkregels!$C$3:$C$602,$A9,Werkregels!$Q$3:$Q$602,"Nog factureren")+COUNTIFS(Werkregels!$C$3:$C$602,$A9,Werkregels!$Q$3:$Q$602,"Check nodig")) | C9: =IF($A9="","",SUMIFS(Werkregels!$I$3:$I$602,Werkregels!$C$3:$C$602,$A9,Werkregels!$Q$3:$Q$602,"Nog factureren")+SUMIFS(Werkregels!$I$3:$I$602,Werkregels!$C$3:$C$602,$A9,Werkregels!$Q$3:$Q$602,"Check nodig")) | D9: =IF($A9="","",SUMIFS(Werkregels!$P$3:$P$602,Werkregels!$C$3:$C$602,$A9,Werkregels!$Q$3:$Q$602,"Nog factureren")) | E9: =IF($A9="","",SUMIFS(Werkregels!$P$3:$P$602,Werkregels!$C$3:$C$602,$A9,Werkregels!$Q$3:$Q$602,"Concept in HERO")) | F9: =IF($A9="","",SUMIFS(Werkregels!$P$3:$P$602,Werkregels!$C$3:$C$602,$A9,Werkregels!$Q$3:$Q$602,"Verstuurd"))
B10: =IF($A10="","",COUNTIFS(Werkregels!$C$3:$C$602,$A10,Werkregels!$Q$3:$Q$602,"Nog factureren")+COUNTIFS(Werkregels!$C$3:$C$602,$A10,Werkregels!$Q$3:$Q$602,"Check nodig")) | C10: =IF($A10="","",SUMIFS(Werkregels!$I$3:$I$602,Werkregels!$C$3:$C$602,$A10,Werkregels!$Q$3:$Q$602,"Nog factureren")+SUMIFS(Werkregels!$I$3:$I$602,Werkregels!$C$3:$C$602,$A10,Werkregels!$Q$3:$Q$602,"Check nodig")) | D10: =IF($A10="","",SUMIFS(Werkregels!$P$3:$P$602,Werkregels!$C$3:$C$602,$A10,Werkregels!$Q$3:$Q$602,"Nog factureren")) | E10: =IF($A10="","",SUMIFS(Werkregels!$P$3:$P$602,Werkregels!$C$3:$C$602,$A10,Werkregels!$Q$3:$Q$602,"Concept in HERO")) | F10: =IF($A10="","",SUMIFS(Werkregels!$P$3:$P$602,Werkregels!$C$3:$C$602,$A10,Werkregels!$Q$3:$Q$602,"Verstuurd"))
B11: =IF($A11="","",COUNTIFS(Werkregels!$C$3:$C$602,$A11,Werkregels!$Q$3:$Q$602,"Nog factureren")+COUNTIFS(Werkregels!$C$3:$C$602,$A11,Werkregels!$Q$3:$Q$602,"Check nodig")) | C11: =IF($A11="","",SUMIFS(Werkregels!$I$3:$I$602,Werkregels!$C$3:$C$602,$A11,Werkregels!$Q$3:$Q$602,"Nog factureren")+SUMIFS(Werkregels!$I$3:$I$602,Werkregels!$C$3:$C$602,$A11,Werkregels!$Q$3:$Q$602,"Check nodig")) | D11: =IF($A11="","",SUMIFS(Werkregels!$P$3:$P$602,Werkregels!$C$3:$C$602,$A11,Werkregels!$Q$3:$Q$602,"Nog factureren")) | E11: =IF($A11="","",SUMIFS(Werkregels!$P$3:$P$602,Werkregels!$C$3:$C$602,$A11,Werkregels!$Q$3:$Q$602,"Concept in HERO")) | F11: =IF($A11="","",SUMIFS(Werkregels!$P$3:$P$602,Werkregels!$C$3:$C$602,$A11,Werkregels!$Q$3:$Q$602,"Verstuurd"))
B12: =IF($A12="","",COUNTIFS(Werkregels!$C$3:$C$602,$A12,Werkregels!$Q$3:$Q$602,"Nog factureren")+COUNTIFS(Werkregels!$C$3:$C$602,$A12,Werkregels!$Q$3:$Q$602,"Check nodig")) | C12: =IF($A12="","",SUMIFS(Werkregels!$I$3:$I$602,Werkregels!$C$3:$C$602,$A12,Werkregels!$Q$3:$Q$602,"Nog factureren")+SUMIFS(Werkregels!$I$3:$I$602,Werkregels!$C$3:$C$602,$A12,Werkregels!$Q$3:$Q$602,"Check nodig")) | D12: =IF($A12="","",SUMIFS(Werkregels!$P$3:$P$602,Werkregels!$C$3:$C$602,$A12,Werkregels!$Q$3:$Q$602,"Nog factureren")) | E12: =IF($A12="","",SUMIFS(Werkregels!$P$3:$P$602,Werkregels!$C$3:$C$602,$A12,Werkregels!$Q$3:$Q$602,"Concept in HERO")) | F12: =IF($A12="","",SUMIFS(Werkregels!$P$3:$P$602,Werkregels!$C$3:$C$602,$A12,Werkregels!$Q$3:$Q$602,"Verstuurd"))
B13: =IF($A13="","",COUNTIFS(Werkregels!$C$3:$C$602,$A13,Werkregels!$Q$3:$Q$602,"Nog factureren")+COUNTIFS(Werkregels!$C$3:$C$602,$A13,Werkregels!$Q$3:$Q$602,"Check nodig")) | C13: =IF($A13="","",SUMIFS(Werkregels!$I$3:$I$602,Werkregels!$C$3:$C$602,$A13,Werkregels!$Q$3:$Q$602,"Nog factureren")+SUMIFS(Werkregels!$I$3:$I$602,Werkregels!$C$3:$C$602,$A13,Werkregels!$Q$3:$Q$602,"Check nodig")) | D13: =IF($A13="","",SUMIFS(Werkregels!$P$3:$P$602,Werkregels!$C$3:$C$602,$A13,Werkregels!$Q$3:$Q$602,"Nog factureren")) | E13: =IF($A13="","",SUMIFS(Werkregels!$P$3:$P$602,Werkregels!$C$3:$C$602,$A13,Werkregels!$Q$3:$Q$602,"Concept in HERO")) | F13: =IF($A13="","",SUMIFS(Werkregels!$P$3:$P$602,Werkregels!$C$3:$C$602,$A13,Werkregels!$Q$3:$Q$602,"Verstuurd"))
B14: =IF($A14="","",COUNTIFS(Werkregels!$C$3:$C$602,$A14,Werkregels!$Q$3:$Q$602,"Nog factureren")+COUNTIFS(Werkregels!$C$3:$C$602,$A14,Werkregels!$Q$3:$Q$602,"Check nodig")) | C14: =IF($A14="","",SUMIFS(Werkregels!$I$3:$I$602,Werkregels!$C$3:$C$602,$A14,Werkregels!$Q$3:$Q$602,"Nog factureren")+SUMIFS(Werkregels!$I$3:$I$602,Werkregels!$C$3:$C$602,$A14,Werkregels!$Q$3:$Q$602,"Check nodig")) | D14: =IF($A14="","",SUMIFS(Werkregels!$P$3:$P$602,Werkregels!$C$3:$C$602,$A14,Werkregels!$Q$3:$Q$602,"Nog factureren")) | E14: =IF($A14="","",SUMIFS(Werkregels!$P$3:$P$602,Werkregels!$C$3:$C$602,$A14,Werkregels!$Q$3:$Q$602,"Concept in HERO")) | F14: =IF($A14="","",SUMIFS(Werkregels!$P$3:$P$602,Werkregels!$C$3:$C$602,$A14,Werkregels!$Q$3:$Q$602,"Verstuurd"))
B15: =IF($A15="","",COUNTIFS(Werkregels!$C$3:$C$602,$A15,Werkregels!$Q$3:$Q$602,"Nog factureren")+COUNTIFS(Werkregels!$C$3:$C$602,$A15,Werkregels!$Q$3:$Q$602,"Check nodig")) | C15: =IF($A15="","",SUMIFS(Werkregels!$I$3:$I$602,Werkregels!$C$3:$C$602,$A15,Werkregels!$Q$3:$Q$602,"Nog factureren")+SUMIFS(Werkregels!$I$3:$I$602,Werkregels!$C$3:$C$602,$A15,Werkregels!$Q$3:$Q$602,"Check nodig")) | D15: =IF($A15="","",SUMIFS(Werkregels!$P$3:$P$602,Werkregels!$C$3:$C$602,$A15,Werkregels!$Q$3:$Q$602,"Nog factureren")) | E15: =IF($A15="","",SUMIFS(Werkregels!$P$3:$P$602,Werkregels!$C$3:$C$602,$A15,Werkregels!$Q$3:$Q$602,"Concept in HERO")) | F15: =IF($A15="","",SUMIFS(Werkregels!$P$3:$P$602,Werkregels!$C$3:$C$602,$A15,Werkregels!$Q$3:$Q$602,"Verstuurd"))
B16: =IF($A16="","",COUNTIFS(Werkregels!$C$3:$C$602,$A16,Werkregels!$Q$3:$Q$602,"Nog factureren")+COUNTIFS(Werkregels!$C$3:$C$602,$A16,Werkregels!$Q$3:$Q$602,"Check nodig")) | C16: =IF($A16="","",SUMIFS(Werkregels!$I$3:$I$602,Werkregels!$C$3:$C$602,$A16,Werkregels!$Q$3:$Q$602,"Nog factureren")+SUMIFS(Werkregels!$I$3:$I$602,Werkregels!$C$3:$C$602,$A16,Werkregels!$Q$3:$Q$602,"Check nodig")) | D16: =IF($A16="","",SUMIFS(Werkregels!$P$3:$P$602,Werkregels!$C$3:$C$602,$A16,Werkregels!$Q$3:$Q$602,"Nog factureren")) | E16: =IF($A16="","",SUMIFS(Werkregels!$P$3:$P$602,Werkregels!$C$3:$C$602,$A16,Werkregels!$Q$3:$Q$602,"Concept in HERO")) | F16: =IF($A16="","",SUMIFS(Werkregels!$P$3:$P$602,Werkregels!$C$3:$C$602,$A16,Werkregels!$Q$3:$Q$602,"Verstuurd"))
B17: =IF($A17="","",COUNTIFS(Werkregels!$C$3:$C$602,$A17,Werkregels!$Q$3:$Q$602,"Nog factureren")+COUNTIFS(Werkregels!$C$3:$C$602,$A17,Werkregels!$Q$3:$Q$602,"Check nodig")) | C17: =IF($A17="","",SUMIFS(Werkregels!$I$3:$I$602,Werkregels!$C$3:$C$602,$A17,Werkregels!$Q$3:$Q$602,"Nog factureren")+SUMIFS(Werkregels!$I$3:$I$602,Werkregels!$C$3:$C$602,$A17,Werkregels!$Q$3:$Q$602,"Check nodig")) | D17: =IF($A17="","",SUMIFS(Werkregels!$P$3:$P$602,Werkregels!$C$3:$C$602,$A17,Werkregels!$Q$3:$Q$602,"Nog factureren")) | E17: =IF($A17="","",SUMIFS(Werkregels!$P$3:$P$602,Werkregels!$C$3:$C$602,$A17,Werkregels!$Q$3:$Q$602,"Concept in HERO")) | F17: =IF($A17="","",SUMIFS(Werkregels!$P$3:$P$602,Werkregels!$C$3:$C$602,$A17,Werkregels!$Q$3:$Q$602,"Verstuurd"))
B18: =IF($A18="","",COUNTIFS(Werkregels!$C$3:$C$602,$A18,Werkregels!$Q$3:$Q$602,"Nog factureren")+COUNTIFS(Werkregels!$C$3:$C$602,$A18,Werkregels!$Q$3:$Q$602,"Check nodig")) | C18: =IF($A18="","",SUMIFS(Werkregels!$I$3:$I$602,Werkregels!$C$3:$C$602,$A18,Werkregels!$Q$3:$Q$602,"Nog factureren")+SUMIFS(Werkregels!$I$3:$I$602,Werkregels!$C$3:$C$602,$A18,Werkregels!$Q$3:$Q$602,"Check nodig")) | D18: =IF($A18="","",SUMIFS(Werkregels!$P$3:$P$602,Werkregels!$C$3:$C$602,$A18,Werkregels!$Q$3:$Q$602,"Nog factureren")) | E18: =IF($A18="","",SUMIFS(Werkregels!$P$3:$P$602,Werkregels!$C$3:$C$602,$A18,Werkregels!$Q$3:$Q$602,"Concept in HERO")) | F18: =IF($A18="","",SUMIFS(Werkregels!$P$3:$P$602,Werkregels!$C$3:$C$602,$A18,Werkregels!$Q$3:$Q$602,"Verstuurd"))
... B156: =IF($A156="","",COUNTIFS(Werkregels!$C$3:$C$602,$A156,Werkregels!$Q$3:$Q$602,"Nog factureren")+COUNTIFS(Werkregels!$C$3:$C$602,$A156,Werkregels!$Q$3:$Q$602,"Check nodig")) | C156: =IF($A156="","",SUMIFS(Werkregels!$I$3:$I$602,Werkregels!$C$3:$C$602,$A156,Werkregels!$Q$3:$Q$602,"Nog factureren")+SUMIFS(Werkregels!$I$3:$I$602,Werkregels!$C$3:$C$602,$A156,Werkregels!$Q$3:$Q$602,"Check nodig")) | D156: =IF($A156="","",SUMIFS(Werkregels!$P$3:$P$602,Werkregels!$C$3:$C$602,$A156,Werkregels!$Q$3:$Q$602,"Nog factureren")) | E156: =IF($A156="","",SUMIFS(Werkregels!$P$3:$P$602,Werkregels!$C$3:$C$602,$A156,Werkregels!$Q$3:$Q$602,"Concept in HERO")) | F156: =IF($A156="","",SUMIFS(Werkregels!$P$3:$P$602,Werkregels!$C$3:$C$602,$A156,Werkregels!$Q$3:$Q$602,"Verstuurd"))
A157: Totaal | B157: =SUM(B7:B156) | C157: =SUM(C7:C156) | D157: =SUM(D7:D156) | E157: =SUM(E7:E156) | F157: =SUM(F7:F156)
A159: =IF(ROUND(D157+E157+F157,2)=ROUND(A4+C4+E4,2),"Overzicht compleet: alle werkregels vallen onder een klant in deze lijst","LET OP: verschil van "&TEXT(ROUND(A4+C4+E4-(D157+E157+F157),2),"€ #,##0.00")&" - er ontbreekt een klant in kolom A")
A160: =IF(COUNTA(Werkregels!C603:C20000)+COUNTA(Registraties!E3005:E20000)+COUNTA(A158,A161:A2000)=0,"Bereikcontrole: OK - alle data valt binnen de formulerijen","LET OP: er staat data buiten het rekenbereik (Registraties > rij 3004, Werkregels > rij 602 of klanten > rij 156) - die telt NIET mee")
